{"name":"t:sections.footer.name","type":"footer","sections":{"footer":{"type":"footer","blocks":{"4a672000-fb5f-498b-ad7c-93cba6c7ac52":{"type":"image","settings":{"image":"shopify:\/\/shop_images\/mhaveer_copy-removebg-preview.png","image_width":190,"alignment":"center"}},"1beb58f7-f7c6-4ab1-8314-a6dbc670c8d8":{"type":"link_list","settings":{"heading":"Quick links","menu":"footer"}},"b9b565eb-c3d9-4fea-8615-4c3a2bad6500":{"type":"link_list","settings":{"heading":"Quick links","menu":"footer"}}},"block_order":["4a672000-fb5f-498b-ad7c-93cba6c7ac52","1beb58f7-f7c6-4ab1-8314-a6dbc670c8d8","b9b565eb-c3d9-4fea-8615-4c3a2bad6500"],"settings":{"color_scheme":"accent-1","newsletter_enable":false,"newsletter_heading":"Subscribe to our emails","enable_follow_on_shop":false,"show_social":true,"enable_country_selector":true,"enable_language_selector":true,"payment_enable":false,"show_policy":false,"margin_top":20,"padding_top":36,"padding_bottom":16}}},"order":["footer"]}