{"name":"t:sections.header.name","type":"header","sections":{"announcement-bar":{"type":"announcement-bar","blocks":{"announcement-bar-0":{"type":"announcement","disabled":true,"settings":{"text":"Welcome to our store","text_alignment":"center","color_scheme":"background-1","link":""}},"883d1871-3374-4fca-8e37-893586588fb3":{"type":"announcement","settings":{"text":"Welcome to our store","text_alignment":"center","color_scheme":"accent-1","link":""}}},"block_order":["announcement-bar-0","883d1871-3374-4fca-8e37-893586588fb3"],"settings":{}},"header":{"type":"header","settings":{"color_scheme":"background-2","logo_position":"middle-center","menu":"main-menu","menu_type_desktop":"dropdown","sticky_header_type":"on-scroll-up","show_line_separator":true,"mobile_logo_position":"center","margin_bottom":0,"padding_top":20,"padding_bottom":20}}},"order":["announcement-bar","header"]}