{"sections":{"e4b4752a-98e1-4649-9a27-cb6ad9b7e039":{"type":"section_marquee","disabled":true,"custom_css":[".bannerr-text h2 {color: #f45453;}"],"settings":{"heading":"The global Gems and Jewelry platform","subheading":"","add_bgImg":"shopify:\/\/shop_images\/married-couple-holding-hands.jpg","add_mob_bgImg":"shopify:\/\/shop_images\/wedding-rings-couples-hands.jpg","font_size":18,"button_text":"Shop Now","button_url":"shopify:\/\/collections","marquee_image1":"shopify:\/\/shop_images\/Bobo-01_480x480_copy.png","marquee_image2":"shopify:\/\/shop_images\/Bobo-01_480x480_copy.png","marquee_image3":"shopify:\/\/shop_images\/Lindy-01_480x480_8393ed5e-8cd5-4ef8-ac57-49fbf270d918.webp"}},"image_banner":{"type":"image-banner","blocks":{"heading":{"type":"heading","settings":{"heading":"All Of Our Gold Is 100% Sustainable","heading_size":"h1"}},"text":{"type":"text","settings":{"text":"","text_style":"body"}},"button":{"type":"buttons","settings":{"button_label_1":"View More","button_link_1":"shopify:\/\/collections\/all","button_style_secondary_1":true,"button_label_2":"","button_link_2":"","button_style_secondary_2":false}}},"block_order":["heading","text","button"],"settings":{"image":"shopify:\/\/shop_images\/wedding-vows-and-wedding-rings.jpg","image_overlay_opacity":30,"image_height":"medium","desktop_content_position":"bottom-left","show_text_box":false,"desktop_content_alignment":"left","color_scheme":"background-1","mobile_content_alignment":"center","stack_images_on_mobile":false,"show_text_below":false}},"277ce951-fb61-42cf-8881-da87ef2747ca":{"type":"collection-list","blocks":{"template--18261746319681__277ce951-fb61-42cf-8881-da87ef2747ca-1678361336c7332d87-0":{"type":"featured_collection","settings":{"collection":"bracelet"}},"template--18261746319681__277ce951-fb61-42cf-8881-da87ef2747ca-1678361336c7332d87-2":{"type":"featured_collection","settings":{"collection":"necklace"}},"template--18261746319681__277ce951-fb61-42cf-8881-da87ef2747ca-1678361336c7332d87-1":{"type":"featured_collection","settings":{"collection":"ear-rings"}}},"block_order":["template--18261746319681__277ce951-fb61-42cf-8881-da87ef2747ca-1678361336c7332d87-0","template--18261746319681__277ce951-fb61-42cf-8881-da87ef2747ca-1678361336c7332d87-2","template--18261746319681__277ce951-fb61-42cf-8881-da87ef2747ca-1678361336c7332d87-1"],"settings":{"title":"<span style=\"font-family:'Branda' !important; font-size:35px;background: linear-gradient(to right, #f32170,                     #ff6b08, #cf23cf, #eedd44);             -webkit-text-fill-color: transparent;             -webkit-background-clip: text;\">Our Collection<\/span>","heading_size":"h1","image_ratio":"adapt","columns_desktop":3,"color_scheme":"background-2","show_view_all":true,"columns_mobile":"1","swipe_on_mobile":false,"padding_top":36,"padding_bottom":36}},"ec7c4a2e-3048-444e-b6ef-7b4a2b63b318":{"type":"double_limage_banner","blocks":{"37ff87c4-a97a-4927-ab73-f2bb79505e48":{"type":"text","settings":{"user_image":"shopify:\/\/shop_images\/AdobeStock_309002918.webp","lab_crafted_badge":"shopify:\/\/shop_images\/premium_quality.png","name":"Olivia","age_address":"50, Los Angles, LA","improvement_headline":"","improvement":"","ingredients_headline":"","ingredients":""}},"2ea6b18d-b717-4699-9602-d4d3d4f080dd":{"type":"text","settings":{"user_image":"shopify:\/\/shop_images\/AdobeStock_244066556.webp","lab_crafted_badge":"shopify:\/\/shop_images\/fast_shipping.png","name":"Arjun","age_address":"45 Years old I Austin, TX","improvement_headline":"Objevctive","improvement":"Best Product to buy","ingredients_headline":"","ingredients":""}},"7b72f497-b9d2-4dbe-9735-384dad12dd40":{"type":"text","settings":{"user_image":"shopify:\/\/shop_images\/AdobeStock_181151396.webp","lab_crafted_badge":"shopify:\/\/shop_images\/premium_quality.png","name":"Jessica","age_address":"28, California","improvement_headline":"","improvement":"","ingredients_headline":"","ingredients":""}},"dada9f06-cccf-4bbe-bb87-ff77c2706466":{"type":"text","settings":{"user_image":"shopify:\/\/shop_images\/AdobeStock_116742460.webp","lab_crafted_badge":"shopify:\/\/shop_images\/secure_payments.png","name":"Chelsia","age_address":"25, Houston Tx","improvement_headline":"","improvement":"","ingredients_headline":"","ingredients":""}}},"block_order":["37ff87c4-a97a-4927-ab73-f2bb79505e48","2ea6b18d-b717-4699-9602-d4d3d4f080dd","7b72f497-b9d2-4dbe-9735-384dad12dd40","dada9f06-cccf-4bbe-bb87-ff77c2706466"],"disabled":true,"settings":{"heading":"Genuine reviews from clients","subheading":""}},"cdd0e2ab-8cbb-4e08-ae60-d0133d978e61":{"type":"image-banner","blocks":{"template--18261746319681__cdd0e2ab-8cbb-4e08-ae60-d0133d978e61-16783619114e39e244-0":{"type":"heading","disabled":true,"settings":{"heading":"Image banner","heading_size":"h1"}},"template--18261746319681__cdd0e2ab-8cbb-4e08-ae60-d0133d978e61-16783619114e39e244-1":{"type":"text","disabled":true,"settings":{"text":"Give customers details about the banner image(s) or content on the template.","text_style":"body"}},"template--18261746319681__cdd0e2ab-8cbb-4e08-ae60-d0133d978e61-16783619114e39e244-2":{"type":"buttons","disabled":true,"settings":{"button_label_1":"Button label","button_link_1":"","button_style_secondary_1":false,"button_label_2":"Button label","button_link_2":"","button_style_secondary_2":false}}},"block_order":["template--18261746319681__cdd0e2ab-8cbb-4e08-ae60-d0133d978e61-16783619114e39e244-0","template--18261746319681__cdd0e2ab-8cbb-4e08-ae60-d0133d978e61-16783619114e39e244-1","template--18261746319681__cdd0e2ab-8cbb-4e08-ae60-d0133d978e61-16783619114e39e244-2"],"disabled":true,"settings":{"image":"shopify:\/\/shop_images\/Rectangle_1319-min_1_1.webp","image_overlay_opacity":0,"image_height":"medium","desktop_content_position":"middle-center","show_text_box":true,"desktop_content_alignment":"center","color_scheme":"background-1","mobile_content_alignment":"center","stack_images_on_mobile":true,"show_text_below":true}},"8edcbc58-db27-44dc-a37d-eae12af96b35":{"type":"image-with-text","blocks":{"template--18261746319681__8edcbc58-db27-44dc-a37d-eae12af96b35-1678362711cc076bb3-0":{"type":"heading","settings":{"heading":"Highest Quality, Love Forever","heading_size":"h1"}},"template--18261746319681__8edcbc58-db27-44dc-a37d-eae12af96b35-1678362711cc076bb3-1":{"type":"text","settings":{"text":"<p>Our Team Of Experienced Designers And Artisans Have Been Creating Exquisite Jewelry For Over 95 Years.<\/p>","text_style":"subtitle"}},"template--18261746319681__8edcbc58-db27-44dc-a37d-eae12af96b35-1678362711cc076bb3-2":{"type":"button","settings":{"button_label":"Shop Now","button_link":"shopify:\/\/collections"}}},"block_order":["template--18261746319681__8edcbc58-db27-44dc-a37d-eae12af96b35-1678362711cc076bb3-0","template--18261746319681__8edcbc58-db27-44dc-a37d-eae12af96b35-1678362711cc076bb3-1","template--18261746319681__8edcbc58-db27-44dc-a37d-eae12af96b35-1678362711cc076bb3-2"],"disabled":true,"settings":{"image":"shopify:\/\/shop_images\/Rectangle_1440-min_1.webp","height":"adapt","desktop_image_width":"medium","layout":"image_first","desktop_content_position":"top","desktop_content_alignment":"left","content_layout":"no-overlap","color_scheme":"background-1","mobile_content_alignment":"left","padding_top":36,"padding_bottom":36}},"9f8412b5-27ee-40ad-beb9-1bf60aec1adc":{"type":"image-with-text","blocks":{"template--18261746319681__9f8412b5-27ee-40ad-beb9-1bf60aec1adc-1678362711cc076bb3-0":{"type":"heading","settings":{"heading":"You Set The Gold Bar. We Simply Strive To Meet It.","heading_size":"h1"}},"template--18261746319681__9f8412b5-27ee-40ad-beb9-1bf60aec1adc-1678362711cc076bb3-1":{"type":"text","settings":{"text":"<p>Our Recycled Gold Has Been Melted Down And Refined To Create Beautiful Jewelry Pieces That Are Both Stylish And Eco-Friendly.<\/p>","text_style":"subtitle"}},"template--18261746319681__9f8412b5-27ee-40ad-beb9-1bf60aec1adc-1678362711cc076bb3-2":{"type":"button","settings":{"button_label":"Shop Now","button_link":"shopify:\/\/collections"}}},"block_order":["template--18261746319681__9f8412b5-27ee-40ad-beb9-1bf60aec1adc-1678362711cc076bb3-0","template--18261746319681__9f8412b5-27ee-40ad-beb9-1bf60aec1adc-1678362711cc076bb3-1","template--18261746319681__9f8412b5-27ee-40ad-beb9-1bf60aec1adc-1678362711cc076bb3-2"],"disabled":true,"settings":{"image":"shopify:\/\/shop_images\/Rectangle_1440-min_2.webp","height":"adapt","desktop_image_width":"medium","layout":"text_first","desktop_content_position":"top","desktop_content_alignment":"left","content_layout":"no-overlap","color_scheme":"background-1","mobile_content_alignment":"left","padding_top":36,"padding_bottom":36}},"752f6edc-0053-4465-851f-7e1a8bdc848b":{"type":"collapsible-content","blocks":{"template--18261746319681__752f6edc-0053-4465-851f-7e1a8bdc848b-16792851346244b2e5-0":{"type":"collapsible_row","settings":{"heading":"What kind of jewelry do you sell?","icon":"check_mark","row_content":"<p>We offer a wide range of jewelry including necklaces, earrings, bracelets, rings, and more. Our collection includes both classic and modern designs, and we have something for every occasion and budget.<\/p>","page":""}},"template--18261746319681__752f6edc-0053-4465-851f-7e1a8bdc848b-16792851346244b2e5-1":{"type":"collapsible_row","settings":{"heading":"Do you have a return policy?","icon":"check_mark","row_content":"<p>Yes, we have a return policy in place. We accept returns within a certain timeframe, provided the jewelry is in its original condition and packaging. Please refer to our store policy for more information.<\/p>","page":""}},"template--18261746319681__752f6edc-0053-4465-851f-7e1a8bdc848b-16792851346244b2e5-2":{"type":"collapsible_row","settings":{"heading":"Can I customize or personalize jewelry?","icon":"check_mark","row_content":"<p>Yes, we offer customization and personalization services for certain items. You can discuss your requirements with our staff, and we can create a unique piece of jewelry to your specifications.<\/p>","page":""}},"template--18261746319681__752f6edc-0053-4465-851f-7e1a8bdc848b-16792851346244b2e5-3":{"type":"collapsible_row","settings":{"heading":"How do I care for my jewelry?","icon":"check_mark","row_content":"<p>We recommend following the care instructions that come with your jewelry. In general, you should avoid exposing your jewelry to water, chemicals, and harsh environments. Store your jewelry in a cool and dry place, and clean it regularly with a soft cloth.<\/p>","page":""}}},"block_order":["template--18261746319681__752f6edc-0053-4465-851f-7e1a8bdc848b-16792851346244b2e5-0","template--18261746319681__752f6edc-0053-4465-851f-7e1a8bdc848b-16792851346244b2e5-1","template--18261746319681__752f6edc-0053-4465-851f-7e1a8bdc848b-16792851346244b2e5-2","template--18261746319681__752f6edc-0053-4465-851f-7e1a8bdc848b-16792851346244b2e5-3"],"settings":{"caption":"","heading":"FAQ","heading_size":"h1","heading_alignment":"center","layout":"row","color_scheme":"accent-1","container_color_scheme":"background-2","open_first_collapsible_row":false,"image_ratio":"adapt","desktop_layout":"image_first","padding_top":36,"padding_bottom":36}},"29b44588-9b16-4ba7-b9af-72f494f7ae57":{"type":"featured-blog","custom_css":[],"settings":{"heading":"Blog Posts","heading_size":"h1","blog":"news","post_limit":2,"columns_desktop":2,"color_scheme":"background-1","show_image":true,"show_date":true,"show_author":false,"show_view_all":true,"padding_top":36,"padding_bottom":36}},"81592975-5c35-4ac4-b07c-c684917f7823":{"type":"rich-text","blocks":{"template--18261746319681__81592975-5c35-4ac4-b07c-c684917f7823-1678362917398dade3-0":{"type":"heading","settings":{"heading":"<h2>Our Heading<\/h2>","heading_size":"h1"}},"template--18261746319681__81592975-5c35-4ac4-b07c-c684917f7823-1678362917398dade3-1":{"type":"text","settings":{"text":"<p>Mahaveer Gems and Jewellry is an online store offering the highest quality jewelry crafted with exquisite diamonds. Our designs are unique and timeless, perfect for any special occasion. Our selection of fine jewelry features timeless designs in a variety of styles, all created with the highest quality materials. Whether you're looking for something classic or modern, Mirage has the perfect piece for you.<\/p>"}},"template--18261746319681__81592975-5c35-4ac4-b07c-c684917f7823-1678362917398dade3-2":{"type":"button","disabled":true,"settings":{"button_label":"Button label","button_link":"","button_style_secondary":false,"button_label_2":"","button_link_2":"","button_style_secondary_2":false}}},"block_order":["template--18261746319681__81592975-5c35-4ac4-b07c-c684917f7823-1678362917398dade3-0","template--18261746319681__81592975-5c35-4ac4-b07c-c684917f7823-1678362917398dade3-1","template--18261746319681__81592975-5c35-4ac4-b07c-c684917f7823-1678362917398dade3-2"],"settings":{"desktop_content_position":"center","content_alignment":"center","color_scheme":"accent-1","full_width":true,"padding_top":40,"padding_bottom":52}},"2f9a2522-f6a4-4a7a-80b7-7600e1504b2c":{"type":"featured-product","blocks":{"template--18261746319681__2f9a2522-f6a4-4a7a-80b7-7600e1504b2c-1679284695194de8a9-0":{"type":"text","settings":{"text":"{{ section.settings.product.vendor }}","text_style":"uppercase"}},"template--18261746319681__2f9a2522-f6a4-4a7a-80b7-7600e1504b2c-1679284695194de8a9-1":{"type":"title","settings":{"heading_size":"h1"}},"template--18261746319681__2f9a2522-f6a4-4a7a-80b7-7600e1504b2c-1679284695194de8a9-2":{"type":"price","settings":{}},"template--18261746319681__2f9a2522-f6a4-4a7a-80b7-7600e1504b2c-1679284695194de8a9-3":{"type":"variant_picker","settings":{"picker_type":"button"}},"template--18261746319681__2f9a2522-f6a4-4a7a-80b7-7600e1504b2c-1679284695194de8a9-4":{"type":"quantity_selector","settings":{}},"template--18261746319681__2f9a2522-f6a4-4a7a-80b7-7600e1504b2c-1679284695194de8a9-5":{"type":"buy_buttons","settings":{"show_dynamic_checkout":false}},"template--18261746319681__2f9a2522-f6a4-4a7a-80b7-7600e1504b2c-1679284695194de8a9-6":{"type":"share","disabled":true,"settings":{"share_label":"Share"}}},"block_order":["template--18261746319681__2f9a2522-f6a4-4a7a-80b7-7600e1504b2c-1679284695194de8a9-0","template--18261746319681__2f9a2522-f6a4-4a7a-80b7-7600e1504b2c-1679284695194de8a9-1","template--18261746319681__2f9a2522-f6a4-4a7a-80b7-7600e1504b2c-1679284695194de8a9-2","template--18261746319681__2f9a2522-f6a4-4a7a-80b7-7600e1504b2c-1679284695194de8a9-3","template--18261746319681__2f9a2522-f6a4-4a7a-80b7-7600e1504b2c-1679284695194de8a9-4","template--18261746319681__2f9a2522-f6a4-4a7a-80b7-7600e1504b2c-1679284695194de8a9-5","template--18261746319681__2f9a2522-f6a4-4a7a-80b7-7600e1504b2c-1679284695194de8a9-6"],"settings":{"product":"bold-statement-earth-necklace","color_scheme":"background-1","secondary_background":false,"media_size":"medium","constrain_to_viewport":false,"media_fit":"contain","media_position":"left","image_zoom":"lightbox","hide_variants":false,"enable_video_looping":false,"padding_top":36,"padding_bottom":36}},"f8c248d8-46e1-4d9c-9e31-b6ec8f432931":{"type":"scrollingtxt","disabled":true,"settings":{"scrolling_text":"<div><h2>Best Jewelry in store <\/h2><\/div>","scroll_speed":8,"scroll_direction":"left","scroll_repeat":true}},"eb6b366b-1a9e-4e13-8e60-1c0b679bed1a":{"type":"image-text-slider","blocks":{"d6928b7a-40ec-430f-8f6a-2869681a94c2":{"type":"image_and_text","settings":{"person_image":"shopify:\/\/shop_images\/Lindy-01_480x480_8393ed5e-8cd5-4ef8-ac57-49fbf270d918.webp","person_name":"Mellisa Gelie","person_details":"Mellisaa is not only knowledgeable in her field but also possesses excellent leadership qualities that have made her stand out as a team lead. Her ability to effectively delegate tasks, set clear expectations and provide constructive feedback has enabled her team to perform at their best.\nHer ability to work under pressure while maintaining a positive attitude has been an inspiration to her team, and her passion for her work is contagious."}},"664c4e48-a079-4864-a427-af75af06b0dc":{"type":"image_and_text","settings":{"person_image":"shopify:\/\/shop_images\/Bobo-01_480x480_a939fe92-3fe1-402a-90f9-9ea1ab7f85e2.webp","person_name":"Soniya Morgan","person_details":"Soniya is an outstanding employee who consistently goes above and beyond in her work. Her dedication and attention to detail are evident in every task she undertakes. She has a keen ability to analyze complex information and develop innovative solutions to problems, making her an invaluable asset to the team."}},"f755b6fe-e914-4f12-8a06-ee8a506a39e0":{"type":"image_and_text","settings":{"person_image":"shopify:\/\/shop_images\/Bobo-01_480x480_copy.png","person_name":"Christine","person_details":"Christine's attention to detail and ability to problem-solve have been instrumental in the success of many of our team's projects. She is always willing to take on new challenges and is never afraid to ask questions or seek out new information to ensure that her work is thorough and accurate. We are incredibly fortunate to have Christine as a member of our team, and her contributions have not gone unnoticed."}}},"block_order":["d6928b7a-40ec-430f-8f6a-2869681a94c2","664c4e48-a079-4864-a427-af75af06b0dc","f755b6fe-e914-4f12-8a06-ee8a506a39e0"],"settings":{"heading":"Meet Our Team","background_image":"shopify:\/\/shop_images\/Pngtree_abstract_technology_background_technical_electric_1252603.jpg","choose_the_font_color":"#ffffff"}},"feff2645-3b68-41c8-9c3f-452aaa1eb0a5":{"type":"Custom-rich-text","disabled":true,"settings":{"heading":"This is heading asdfdsdf","title-style":"design2","sub_heading":"terradf"}},"2d066e13-aad1-4faa-b90d-b8914d52c05a":{"type":"multicolumn","blocks":{"template--18261746319681__2d066e13-aad1-4faa-b90d-b8914d52c05a-1678363063ce94d849-0":{"type":"column","settings":{"image":"shopify:\/\/shop_images\/fast_shipping.png","title":"Fast and Secure Shipping","text":"","link_label":"","link":""}},"template--18261746319681__2d066e13-aad1-4faa-b90d-b8914d52c05a-1678363063ce94d849-1":{"type":"column","settings":{"image":"shopify:\/\/shop_images\/secure_payments.png","title":"Secure Payments","text":"<p> <\/p>","link_label":"","link":""}},"template--18261746319681__2d066e13-aad1-4faa-b90d-b8914d52c05a-1678363063ce94d849-2":{"type":"column","settings":{"image":"shopify:\/\/shop_images\/premium_quality.png","title":"Premium Quality","text":"<p> <\/p>","link_label":"","link":""}}},"block_order":["template--18261746319681__2d066e13-aad1-4faa-b90d-b8914d52c05a-1678363063ce94d849-0","template--18261746319681__2d066e13-aad1-4faa-b90d-b8914d52c05a-1678363063ce94d849-1","template--18261746319681__2d066e13-aad1-4faa-b90d-b8914d52c05a-1678363063ce94d849-2"],"disabled":true,"settings":{"title":"","heading_size":"h1","image_width":"third","image_ratio":"circle","columns_desktop":3,"column_alignment":"center","background_style":"primary","button_label":"","button_link":"","color_scheme":"background-1","columns_mobile":"1","swipe_on_mobile":true,"padding_top":36,"padding_bottom":36}},"35ce2297-677e-4c3d-9063-7f77a0b8865f":{"type":"custom-liquid","disabled":true,"settings":{"custom_liquid":"{{ 'now'   |  date: '  %d-%m-%Y, ( %H:%M:%S ) EST' }}","color_scheme":"accent-2","padding_top":40,"padding_bottom":52}},"cd979363-5bd5-49a0-aa24-c20e6770df7b":{"type":"section-hotspot-img","blocks":{"52805b4c-f250-4217-a49a-a47b560d6413":{"type":"hotspot","settings":{"horizontal_position":38,"vertical_position":76,"blkheading":"","content":"","produkt":"abida-statement-necklace"}},"787bfeee-4cb3-456f-9831-d9c88e1af3b5":{"type":"hotspot","settings":{"horizontal_position":46,"vertical_position":21,"blkheading":"","content":"","produkt":"amber-agate-earrings"}}},"block_order":["52805b4c-f250-4217-a49a-a47b560d6413","787bfeee-4cb3-456f-9831-d9c88e1af3b5"],"settings":{"headingg":"Love the jewel","bgimg":"shopify:\/\/shop_images\/woman-looking-up.jpg"}},"a4d5c932-aeec-42b7-a570-27b11cf9e1bd":{"type":"section-the-team","blocks":{"5b7cf4ca-136a-46f8-99bd-25304c53d5a6":{"type":"team-member","settings":{"member_name":"Man","member_position":"Owner","member_photo":"shopify:\/\/shop_images\/team-1.webp","member-fb":"https:\/\/www.facebook.com","member-ig":"shopify:\/\/collections\/all","member-tw":"","member-gmail":""}},"881b4a1e-c0cc-4e05-8755-2a19e4324ce7":{"type":"team-member","settings":{"member_name":"Woman","member_position":"Sr Dev","member_photo":"shopify:\/\/shop_images\/team-2.webp","member-fb":"","member-ig":"","member-tw":"","member-gmail":""}},"7df6e6c2-10f1-4cde-8f75-207f66e7ea0b":{"type":"team-member","settings":{"member_name":"woman","member_position":"Designer","member_photo":"shopify:\/\/shop_images\/team-box-img-2.jpg","member-fb":"https:\/\/facebook.com","member-ig":"","member-tw":"","member-gmail":""}},"e3a566ec-1932-4e19-95f2-ab84fb401468":{"type":"team-member","disabled":true,"settings":{"member_name":"Jaya Ben","member_position":"accountant","member_photo":"shopify:\/\/shop_images\/team-7.jpg","member-fb":"","member-ig":"","member-tw":"","member-gmail":""}},"70a6be97-ec4c-421b-83db-b67133b32eb8":{"type":"team-member","disabled":true,"settings":{"member_name":"Susmita ben","member_position":"Developer","member_photo":"shopify:\/\/shop_images\/team-6.jpg","member-fb":"","member-ig":"","member-tw":"","member-gmail":""}},"2eb9b3de-1003-4f88-b447-593ae5198b2d":{"type":"team-member","disabled":true,"settings":{"member_name":"Chandu Bhide","member_position":"Peon","member_photo":"shopify:\/\/shop_images\/team-box-img-4.jpg","member-fb":"#","member-ig":"#","member-tw":"#","member-gmail":"#"}}},"block_order":["5b7cf4ca-136a-46f8-99bd-25304c53d5a6","881b4a1e-c0cc-4e05-8755-2a19e4324ce7","7df6e6c2-10f1-4cde-8f75-207f66e7ea0b","e3a566ec-1932-4e19-95f2-ab84fb401468","70a6be97-ec4c-421b-83db-b67133b32eb8","2eb9b3de-1003-4f88-b447-593ae5198b2d"],"settings":{"team_heading":"Our team members"}},"5346e10a-c456-4b39-8a53-237e8b9707b1":{"type":"section-multiImage","settings":{"super-img1":"shopify:\/\/shop_images\/Rectangle_1319-min_1_1.webp","super-img2":"shopify:\/\/shop_images\/roundsolitaire_1200x_2.webp","super-img3":"shopify:\/\/shop_images\/Rectangle_1440-min_1.webp","super-txt":"Ideal<br> Partner<br> For An Exciting<br> Adventure <br>Ride"}},"b621f413-3525-4bdb-a4a9-17e3e435f632":{"type":"section-zoombanner","settings":{"zb_image":"shopify:\/\/shop_images\/20181211_Mount_Kilimanjaro_from_Chyulu_Hills_National_Park_in_Kenya_for_Mountain_Day_1920x1080_f17c56b8-2555-44d3-883d-5312ac4f7c1b.jpg","btn_txt":"","btn-url":""}},"b1b97e0c-fcea-417d-8b4f-8642fc3bdfdf":{"type":"collection-productSlider","settings":{"add_col":"ear-rings","add_bg_col":"#c6ece2","add_prod_bg_col":"#ecc6c6","show_product_price":false,"choose_font":"serif","add_btn":""}},"5baf97a4-8f0c-4e00-a27f-e2e82db76734":{"type":"testimonials","blocks":{"template--18261746319681__5baf97a4-8f0c-4e00-a27f-e2e82db76734-1682487008bddeae70-0":{"type":"testimonial","settings":{"icon":"5-stars","testimonial":"<p>Add customer reviews and testimonials to showcase your store’s happy customers.<\/p>","author":"Author's name","author_info":"Los Angeles, CA"}},"template--18261746319681__5baf97a4-8f0c-4e00-a27f-e2e82db76734-1682487008bddeae70-1":{"type":"testimonial","settings":{"icon":"5-stars","testimonial":"<p>Add customer reviews and testimonials to showcase your store’s happy customers.<\/p>","author":"Author's name","author_info":"Los Angeles, CA"}},"template--18261746319681__5baf97a4-8f0c-4e00-a27f-e2e82db76734-1682487008bddeae70-2":{"type":"testimonial","settings":{"icon":"5-stars","testimonial":"<p>Add customer reviews and testimonials to showcase your store’s happy customers.<\/p>","author":"Author's name","author_info":"Los Angeles, CA"}},"template--18261746319681__5baf97a4-8f0c-4e00-a27f-e2e82db76734-1682487008bddeae70-3":{"type":"testimonial","settings":{"icon":"5-stars","testimonial":"<p>Add customer reviews and testimonials to showcase your store’s happy customers.<\/p>","author":"Author's name","author_info":"Los Angeles, CA"}},"template--18261746319681__5baf97a4-8f0c-4e00-a27f-e2e82db76734-1682487008bddeae70-4":{"type":"testimonial","settings":{"icon":"5-stars","testimonial":"<p>Add customer reviews and testimonials to showcase your store’s happy customers.<\/p>","author":"Author's name","author_info":"Los Angeles, CA"}}},"block_order":["template--18261746319681__5baf97a4-8f0c-4e00-a27f-e2e82db76734-1682487008bddeae70-0","template--18261746319681__5baf97a4-8f0c-4e00-a27f-e2e82db76734-1682487008bddeae70-1","template--18261746319681__5baf97a4-8f0c-4e00-a27f-e2e82db76734-1682487008bddeae70-2","template--18261746319681__5baf97a4-8f0c-4e00-a27f-e2e82db76734-1682487008bddeae70-3","template--18261746319681__5baf97a4-8f0c-4e00-a27f-e2e82db76734-1682487008bddeae70-4"],"settings":{"title":"Testimonials","align_text":"center","round_images":false,"color_background":"#ffffff","color_block":"#3f4a2d"}},"a5a84870-8dbf-4c2e-b7db-cb554a235e2f":{"type":"section-whychoose","blocks":{"2e5018a8-b03b-4d57-8f04-9c16fe4d431c":{"type":"left","settings":{"img":"shopify:\/\/shop_images\/pngwing.com_6.png","heading":"Ruby","description":"Lorem ipsum dolor sit amet, consetetur sadipscing elitr.","img2":"shopify:\/\/shop_images\/pngwing.com_2.png","heading2":"Emerald","description2":"Lorem ipsum dolor sit amet, consetetur sadipscing elitr."}},"e88d96df-b60a-4a63-be35-ca54d029b0dc":{"type":"right","settings":{"imgg1":"shopify:\/\/shop_images\/pngwing.com_1.png","headingg1":"sapphire","descriptiong1":"Lorem ipsum dolor sit amet, consetetur sadipscing elitr.","imgg2":"shopify:\/\/shop_images\/pngwing.com_8.png","headingg2":"yellow sapphire","descriptiong2":"Lorem ipsum dolor sit amet, consetetur sadipscing elitr."}}},"block_order":["2e5018a8-b03b-4d57-8f04-9c16fe4d431c","e88d96df-b60a-4a63-be35-ca54d029b0dc"],"disabled":true,"settings":{"heading_main":"Why Choose Us","centerImg":"shopify:\/\/shop_images\/pngwing.com.png"}},"6954fb0c-077f-46ab-98a2-fbf1e8df7b96":{"type":"multicolumn","blocks":{"template--18261746319681__6954fb0c-077f-46ab-98a2-fbf1e8df7b96-16829252938f595a66-0":{"type":"column","settings":{"image":"shopify:\/\/shop_images\/fast_delivery.png","title":"Fast Shipping","text":"<p> <\/p>","link_label":"","link":""}},"template--18261746319681__6954fb0c-077f-46ab-98a2-fbf1e8df7b96-16829252938f595a66-1":{"type":"column","settings":{"image":"shopify:\/\/shop_images\/secure_payments_a7093b0a-265a-49a1-8100-5dce192061e4.png","title":"Secure Payment","text":"<p> <\/p>","link_label":"","link":""}},"template--18261746319681__6954fb0c-077f-46ab-98a2-fbf1e8df7b96-16829252938f595a66-2":{"type":"column","settings":{"image":"shopify:\/\/shop_images\/mastercard_visa.png","title":"Card Accepted","text":"<p> <\/p>","link_label":"","link":""}},"d4ec91d1-c820-49cd-ba87-edea47f6ecac":{"type":"column","settings":{"image":"shopify:\/\/shop_images\/premium_quality_1d10f57f-f3b0-4c05-a696-8c690486ecfc.png","title":"Premium Quality","text":"","link_label":"","link":""}}},"block_order":["template--18261746319681__6954fb0c-077f-46ab-98a2-fbf1e8df7b96-16829252938f595a66-0","template--18261746319681__6954fb0c-077f-46ab-98a2-fbf1e8df7b96-16829252938f595a66-1","template--18261746319681__6954fb0c-077f-46ab-98a2-fbf1e8df7b96-16829252938f595a66-2","d4ec91d1-c820-49cd-ba87-edea47f6ecac"],"settings":{"title":"","heading_size":"h1","image_width":"third","image_ratio":"square","columns_desktop":4,"column_alignment":"center","background_style":"primary","button_label":"","button_link":"","color_scheme":"background-1","columns_mobile":"2","swipe_on_mobile":false,"padding_top":36,"padding_bottom":36}}},"order":["e4b4752a-98e1-4649-9a27-cb6ad9b7e039","image_banner","277ce951-fb61-42cf-8881-da87ef2747ca","ec7c4a2e-3048-444e-b6ef-7b4a2b63b318","cdd0e2ab-8cbb-4e08-ae60-d0133d978e61","8edcbc58-db27-44dc-a37d-eae12af96b35","9f8412b5-27ee-40ad-beb9-1bf60aec1adc","752f6edc-0053-4465-851f-7e1a8bdc848b","29b44588-9b16-4ba7-b9af-72f494f7ae57","81592975-5c35-4ac4-b07c-c684917f7823","2f9a2522-f6a4-4a7a-80b7-7600e1504b2c","f8c248d8-46e1-4d9c-9e31-b6ec8f432931","eb6b366b-1a9e-4e13-8e60-1c0b679bed1a","feff2645-3b68-41c8-9c3f-452aaa1eb0a5","2d066e13-aad1-4faa-b90d-b8914d52c05a","35ce2297-677e-4c3d-9063-7f77a0b8865f","cd979363-5bd5-49a0-aa24-c20e6770df7b","a4d5c932-aeec-42b7-a570-27b11cf9e1bd","5346e10a-c456-4b39-8a53-237e8b9707b1","b621f413-3525-4bdb-a4a9-17e3e435f632","b1b97e0c-fcea-417d-8b4f-8642fc3bdfdf","5baf97a4-8f0c-4e00-a27f-e2e82db76734","a5a84870-8dbf-4c2e-b7db-cb554a235e2f","6954fb0c-077f-46ab-98a2-fbf1e8df7b96"]}