{"sections":{"main":{"type":"main-page","disabled":true,"settings":{"padding_top":28,"padding_bottom":28}},"image_banner_zMzcNU":{"type":"image-banner","blocks":{"heading_PTzGpb":{"type":"heading","settings":{"heading":"Welcome to MGJ","heading_size":"h1"}},"text_JaByyJ":{"type":"text","settings":{"text":"At MGJ, we believe that jewelry is more than just accessories; they are expressions of personal style, timeless symbols of love, and cherished keepsakes. Our journey began with a passion for crafting exquisite pieces that celebrate life's precious moments.","text_style":"body"}}},"block_order":["heading_PTzGpb","text_JaByyJ"],"settings":{"image":"shopify:\/\/shop_images\/stunning-bg.jpg","image_overlay_opacity":0,"image_height":"medium","desktop_content_position":"bottom-left","show_text_box":false,"desktop_content_alignment":"left","color_scheme":"background-1","mobile_content_alignment":"center","stack_images_on_mobile":true,"show_text_below":true}},"latest_home_product_XFhADB":{"type":"latest-home-Product","settings":{"prod-heading":"f","font_size":44,"background-image":"shopify:\/\/shop_images\/rightbg-removebg-preview_07cff2b5-3bef-4f5a-86d4-647547cda77e.png","productt":"adaa-grey-bracelet","show_variants":true,"choose_bg_color":"rgba(0,0,0,0)"}},"multirow_mxwHGi":{"type":"multirow","blocks":{"row_TfBqcM":{"type":"row","settings":{"caption":"","heading":"Our Story","text":"<p>Founded in 1990, Mahaveer Gems and Jewelry Shop is the result of a dream to create jewelry that goes beyond trends, capturing the essence of individuality and elegance. Our founder, [Founder's Name], envisioned a brand that blends traditional craftsmanship with contemporary design, delivering not just jewelry but an experience that resonates with our customers.<\/p>","button_label":"","button_link":""}},"row_pj8DEK":{"type":"row","settings":{"caption":"Caption","heading":"Craftsmanship Excellence","text":"<p>Every piece at Mahaveer Gems and Jewelry is a labor of love, meticulously crafted by skilled artisans who share our commitment to quality. We use [mention any special materials or techniques you employ] to ensure each creation is not just beautiful but enduring.<\/p>","button_label":"","button_link":""}},"row_aHQV4E":{"type":"row","settings":{"caption":"Caption","heading":"Our Promise","text":"<p>At Mahaveer Gems and Jewelry, we strive to create more than jewelry; we aim to be a part of your most meaningful moments. Whether it's an engagement ring symbolizing the start of a lifelong journey or a timeless necklace passed down through generations, our pieces are crafted to be cherished forever.<\/p>","button_label":"","button_link":""}}},"block_order":["row_TfBqcM","row_pj8DEK","row_aHQV4E"],"settings":{"image_height":"medium","desktop_image_width":"medium","heading_size":"h1","text_style":"body","button_style":"primary","desktop_content_position":"middle","desktop_content_alignment":"left","image_layout":"alternate-left","section_color_scheme":"background-1","row_color_scheme":"background-1","mobile_content_alignment":"left","padding_top":36,"padding_bottom":36}},"contact_form_q7bCAr":{"type":"contact-form","settings":{"heading":"Connect With Us","heading_size":"h1","color_scheme":"background-1","padding_top":36,"padding_bottom":36}},"custom_richtext_NqKUKF":{"type":"custom-richtext","blocks":{"text_aUaWC7":{"type":"text","settings":{"text":"<p>We're not just a brand; we're a community of jewelry enthusiasts. Connect with us on Instagram, where we share behind-the-scenes glimpses, styling tips, and stories from our customers.<\/p><p>Thank you for being a part of the mahaveer gems and jewelry Shop family. We look forward to being a part of your story.<\/p>"}}},"block_order":["text_aUaWC7"],"settings":{"desktop_content_position":"center","content_alignment":"center","color_scheme":"background-1","full_width":true,"padding_top":40,"padding_bottom":52}}},"order":["main","image_banner_zMzcNU","latest_home_product_XFhADB","multirow_mxwHGi","contact_form_q7bCAr","custom_richtext_NqKUKF"]}