{"sections":{"main":{"type":"main-page","settings":{"padding_top":36,"padding_bottom":36}},"form":{"type":"contact-form","settings":{"heading":"","heading_size":"h1","color_scheme":"background-1","padding_top":36,"padding_bottom":36}},"71df20b6-5cd0-4774-bbea-b56d5f366232":{"type":"rich-text","blocks":{"template--18261746385217__71df20b6-5cd0-4774-bbea-b56d5f366232-1678367326fcc81876-0":{"type":"heading","settings":{"heading":"<p>Talk about your brand<\/p>","heading_size":"h1"}},"template--18261746385217__71df20b6-5cd0-4774-bbea-b56d5f366232-1678367326fcc81876-1":{"type":"text","settings":{"text":"<p>Share information about your brand with your customers. Describe a product, make announcements, or welcome customers to your store.<\/p>"}},"template--18261746385217__71df20b6-5cd0-4774-bbea-b56d5f366232-1678367326fcc81876-2":{"type":"button","settings":{"button_label":"Button label","button_link":"","button_style_secondary":false,"button_label_2":"","button_link_2":"","button_style_secondary_2":false}}},"block_order":["template--18261746385217__71df20b6-5cd0-4774-bbea-b56d5f366232-1678367326fcc81876-0","template--18261746385217__71df20b6-5cd0-4774-bbea-b56d5f366232-1678367326fcc81876-1","template--18261746385217__71df20b6-5cd0-4774-bbea-b56d5f366232-1678367326fcc81876-2"],"settings":{"desktop_content_position":"center","content_alignment":"center","color_scheme":"background-1","full_width":true,"padding_top":40,"padding_bottom":52}}},"order":["main","form","71df20b6-5cd0-4774-bbea-b56d5f366232"]}