{"layout":"password","sections":{"main":{"type":"email-signup-banner","blocks":{"heading":{"type":"heading","settings":{"heading":"Opening soon","heading_size":"h0"}},"paragraph":{"type":"paragraph","settings":{"text":"<p>If you know that magical word Hit up there &#x2197;<\/p>","text_style":"subtitle"}},"email_form":{"type":"email_form","settings":{}}},"block_order":["heading","paragraph","email_form"],"settings":{"image":"shopify:\/\/shop_images\/ios_7_galaxy-1920x1080.jpg","image_overlay_opacity":30,"show_background_image":true,"image_height":"large","desktop_content_position":"top-center","show_text_box":false,"desktop_content_alignment":"center","color_scheme":"background-1","mobile_content_alignment":"center","show_text_below":true}}},"order":["main"]}