{"sections":{"main":{"type":"nameFirstProduct","blocks":{"title":{"type":"title","settings":{}},"vendor":{"type":"text","settings":{"text":"{{ product.vendor }}","text_style":"uppercase"}},"price":{"type":"price","settings":{}},"description":{"type":"description","settings":{}},"judgeme_preview_badge_product_page_ca260176":{"type":"shopify:\/\/apps\/judge-me-product-reviews\/blocks\/preview_badge\/61ccd3b1-a9f2-4160-9fe9-4fec8413e5d8","settings":{}},"variant_picker":{"type":"variant_picker","settings":{"picker_type":"button"}},"quantity_selector":{"type":"quantity_selector","settings":{}},"buy_buttons":{"type":"buy_buttons","settings":{"show_dynamic_checkout":false}},"share":{"type":"share","disabled":true,"settings":{"share_label":"Share"}},"e6e5b973-6c05-4156-b941-810c73bc9acd":{"type":"inventory","disabled":true,"settings":{"text_style":"body","inventory_threshold":10,"show_inventory_quantity":true}}},"block_order":["title","vendor","price","description","judgeme_preview_badge_product_page_ca260176","variant_picker","quantity_selector","buy_buttons","share","e6e5b973-6c05-4156-b941-810c73bc9acd"],"settings":{"enable_sticky_info":true,"media_size":"large","constrain_to_viewport":true,"media_fit":"contain","gallery_layout":"thumbnail_slider","media_position":"left","image_zoom":"none","mobile_thumbnails":"show","hide_variants":true,"enable_video_looping":false,"padding_top":36,"padding_bottom":12}},"judgeme_section_review_widget_0138":{"type":"apps","blocks":{"judgeme_review_widget_2a6867b4":{"type":"shopify:\/\/apps\/judge-me-product-reviews\/blocks\/review_widget\/61ccd3b1-a9f2-4160-9fe9-4fec8413e5d8","settings":{}}},"block_order":["judgeme_review_widget_2a6867b4"],"settings":{"include_margins":true}},"related-products":{"type":"related-products","settings":{"heading":"You may also like","heading_size":"h2","products_to_show":4,"columns_desktop":4,"color_scheme":"background-1","image_ratio":"square","show_secondary_image":true,"show_vendor":false,"show_rating":false,"columns_mobile":"2","padding_top":36,"padding_bottom":28}}},"order":["main","judgeme_section_review_widget_0138","related-products"]}